experiment_split,class_id_original,class_name,images_with_class,percentage_images
train_internal,1,background,1963,97.27452923686819
train_internal,2,building,1543,76.46184340931616
train_internal,3,road,1437,71.20911793855302
train_internal,4,water,1202,59.56392467789891
train_internal,5,barren,728,36.07532210109019
train_internal,6,forest,1390,68.8800792864222
train_internal,7,agriculture,841,41.674925668979185
val_internal,1,background,500,99.2063492063492
val_internal,2,building,478,94.84126984126983
val_internal,3,road,458,90.87301587301587
val_internal,4,water,407,80.75396825396825
val_internal,5,barren,370,73.41269841269842
val_internal,6,forest,468,92.85714285714286
val_internal,7,agriculture,351,69.64285714285714
official_val,1,background,1648,98.74176153385261
official_val,2,building,1089,65.2486518873577
official_val,3,road,1259,75.43439185140802
official_val,4,water,1415,84.7813061713601
official_val,5,barren,721,43.19952067106051
official_val,6,forest,1194,71.53984421809467
official_val,7,agriculture,1281,76.75254643499102
