epoch,train_loss,val_loss,val_miou,val_dice_macro,learning_rate,epoch_time_seconds
1,1.4826576029226495,1.3318182409755768,0.18901687837631348,0.28515126380343236,0.001,143.8300124000525
2,1.3450049101656563,1.2764024942640275,0.2563121896158898,0.3804572713919244,0.001,146.62957840005402
3,1.294433710478224,1.2215900832698459,0.28758039376040745,0.40976180018510405,0.001,147.15894720004871
4,1.261452857873839,1.2211539433116005,0.2527602398212058,0.37290749863371303,0.001,146.12696609995328
5,1.2214491838742532,1.3399296762451294,0.2520520851120905,0.38415137718553144,0.001,146.36079830001108
6,1.192785727729646,1.1898138087893289,0.30753538316678863,0.43886565284535745,0.001,146.36962980008684
7,1.1720654854571264,1.3171325444229065,0.27063074229575823,0.39493409559690645,0.001,146.25509059999604
8,1.1428673829739346,1.1908349243421403,0.3059051554239458,0.42849456097484434,0.001,146.30999020009767
9,1.1268058926664566,1.1253661343029566,0.33910370503131876,0.4729763112230193,0.001,146.18187179998495
10,1.0987692259702504,1.0979992477666765,0.3510528786679142,0.4840171819909197,0.001,144.75588330009487
11,1.0887416129187857,1.0821459279173897,0.3443179215699878,0.47020901258622555,0.001,140.8230866000522
12,1.0776119169560368,1.0951327118608687,0.3412581057044245,0.48271197316138814,0.001,140.92430739989504
13,1.0672777463470626,1.084857657315239,0.33630458757886694,0.45910852776597066,0.001,140.8557096000295
14,1.0335024332976555,1.1577100299653553,0.30571184964643966,0.4364037167191462,0.001,140.8147512000287
15,1.0452070575285004,1.1008945623087505,0.3195793511203866,0.4445295587910885,0.001,140.99307229998522
16,1.0179222571129132,1.1924192158002702,0.26011593390429677,0.3834683212357949,0.001,140.76970679999795
17,1.0166230426198546,1.145622655039742,0.28463765902431737,0.4120685459707555,0.001,140.75145810004324
