Domain,class_id_original,class_name,IoU,Dice,mIoU,Dice_macro
Urban,1,background,0.312257123319207,0.475908444725204,0.25622698259122023,0.38741484332980874
Urban,2,building,0.31390447353900086,0.4778193237952823,0.25622698259122023,0.38741484332980874
Urban,3,road,0.1267679557674345,0.2250116452434852,0.25622698259122023,0.38741484332980874
Urban,4,water,0.41935482726601114,0.5909090795481783,0.25622698259122023,0.38741484332980874
Urban,5,barren,0.000109988327045291,0.00021995246188726952,0.25622698259122023,0.38741484332980874
Urban,6,forest,0.3682669227167306,0.5382969018728111,0.25622698259122023,0.38741484332980874
Urban,7,agriculture,0.2529275872031125,0.40373855566181305,0.25622698259122023,0.38741484332980874
Rural,1,background,0.43593001523767316,0.6071744592169677,0.21986249015094608,0.3373663369523121
Rural,2,building,0.1728554272747689,0.29475999045579465,0.21986249015094608,0.3373663369523121
Rural,3,road,0.0747593907833439,0.13911837649328215,0.21986249015094608,0.3373663369523121
Rural,4,water,0.23467010207112504,0.3801340968368351,0.21986249015094608,0.3373663369523121
Rural,5,barren,0.001077358209354577,0.002152397515575954,0.21986249015094608,0.3373663369523121
Rural,6,forest,0.24273805237305962,0.3906503899346146,0.21986249015094608,0.3373663369523121
Rural,7,agriculture,0.37700708510729725,0.5475746482131145,0.21986249015094608,0.3373663369523121
