domain,label_id,label_name,pixel_count,percentage_all_pixels,percentage_valid_pixels,images_present,images_with_readable_mask,percentage_images_present
Rural,0,no-data / ignore,59482670,2.405729204845995,,281,2358,11.91687871077184
Rural,1,background,789823123,31.943767044481532,32.731190862146065,2315,2358,98.17642069550466
Rural,2,building,74529464,3.014284802049373,3.0885878622693146,1448,2358,61.40797285835454
Rural,3,road,53687507,2.17134845368027,2.224872870086639,1558,2358,66.07294317217982
Rural,4,water,238648060,9.651930682026197,9.889853782795475,2051,2358,86.98049194232401
Rural,5,barren,82671163,3.3435693325078315,3.4259893590739905,895,2358,37.95589482612383
Rural,6,forest,369155245,14.93018981862412,15.29822365286372,1636,2358,69.38083121289228
Rural,7,agriculture,804544976,32.539180661784684,33.341281610764796,1753,2358,74.34266327396098
Urban,0,no-data / ignore,85926462,4.470587010859663,,327,1833,17.839607201309327
Urban,1,background,736135889,38.2997212615484,40.09207223528345,1796,1833,97.98145117294054
Urban,2,building,329769852,17.15728522517677,17.960212136054047,1662,1833,90.67103109656301
Urban,3,road,160022832,8.325677300436016,8.715302481113822,1596,1833,87.07037643207856
Urban,4,water,123649499,6.433243395133677,6.734306423368266,973,1833,53.08237861429351
Urban,5,barren,124460827,6.475455215961896,6.778493673668881,924,1833,50.40916530278233
Urban,6,forest,165535386,8.612484783665833,9.015531985572746,1416,1833,77.25040916530278
Urban,7,agriculture,196539061,10.225545807217745,10.704081064938787,720,1833,39.27986906710311
