split,label_id,label_name,pixel_count,percentage_all_pixels,percentage_valid_pixels,images_present,images_with_readable_mask,percentage_images_present
Train,0,no-data / ignore,99632059,3.7675073655421163,,415,2522,16.455194290245835
Train,1,background,910708330,34.43771388018349,35.78595226769841,2463,2522,97.66058683584457
Train,2,building,281493525,10.644454600601136,11.061185582123938,2021,2522,80.13481363996829
Train,3,road,134119839,5.071635439129315,5.270190244779463,1895,2522,75.13877874702617
Train,4,water,162729743,6.153496289234328,6.394406006512348,1609,2522,63.79857256145916
Train,5,barren,132748857,5.019792841125537,5.216318006219974,1098,2522,43.536875495638384
Train,6,forest,409074984,15.468846380852405,16.07445256521755,1858,2522,73.67168913560666
Train,7,agriculture,514001335,19.436553203331677,20.19749532744832,1192,2522,47.264076130055514
Val,0,no-data / ignore,45777073,2.6157231156593173,,193,1669,11.563810665068903
Val,1,background,615250682,35.15570842269797,36.099984050249674,1648,1669,98.74176153385261
Val,2,building,122805791,7.017179675413649,7.205659784020028,1089,1669,65.2486518873577
Val,3,road,79590500,4.5478379676412,4.669992028633618,1259,1669,75.43439185140802
Val,4,water,199567816,11.403397273845913,11.709690351132616,1415,1669,84.7813061713601
Val,5,barren,74383133,4.250286609702227,4.364448497933726,721,1669,43.19952067106051
Val,6,forest,125615647,7.1777361463543325,7.370528771168097,1194,1669,71.53984421809467
Val,7,agriculture,487082702,27.83213078868539,28.57969651686224,1281,1669,76.75254643499102
